finished_at	pack	mode	size	clip_seconds	wall_seconds	exit
2026-09-22T21:54:03	ltx-2.5-mlx-q8	fast	480p	5.0	56.1	0
2026-09-22T21:57:17	ltx-2.5-mlx-q8	fast	720p	5.0	176.6	0
2026-09-22T22:02:12	ltx-2.5-mlx-q8	quality	480p	5.0	271.8	0
2026-09-22T22:17:32	ltx-2.5-mlx-q8	fast	480p	10.0	148.8	0
2026-09-22T22:28:36	ltx-2.5-mlx-q8	fast	480p	20.0	503.1	-15
2026-09-22T22:34:17	ltx-2.5-mlx-q8	fast	480p	20.0	814.0	0
2026-09-22T23:06:10	ltx-2.5-mlx-q8	fast	480p	15.0	241.6	0
2026-09-22T23:12:52	ltx-2.5-mlx-q8	fast	480p	15.0	326.8	0
2026-09-22T23:18:24	ltx-2.5-mlx-q8	fast	480p	15.0	331.8	0
2026-09-22T23:24:08	ltx-2.5-mlx-q8	fast	480p	15.0	343.4	0
2026-09-22T23:31:32	ltx-2.5-mlx-q8	fast	480p	15.0	353.5	0
2026-09-22T23:37:26	ltx-2.5-mlx-q8	fast	480p	15.0	352.9	0
2026-09-22T23:49:16	ltx-2.5-mlx-q8	fast	480p	15.0	296.5	0
2026-09-22T23:53:54	ltx-2.5-mlx-q8	fast	720p	5.0	232.9	0
2026-09-23T00:00:44	ltx-2.5-mlx-q8	fast	480p	15.0	409.2	0
2026-09-23T00:06:08	ltx-2.5-mlx-q8	fast	480p	15.0	323.4	0
2026-09-23T00:11:45	ltx-2.5-mlx-q8	fast	480p	15.0	335.7	0
2026-09-23T00:17:39	ltx-2.5-mlx-q8	fast	480p	15.0	323.4	0
2026-09-23T00:26:32	ltx-2.5-mlx-q8	fast	480p	15.0	533.1	0
2026-09-23T01:02:01	ltx-2.5-mlx-q8	fast	720p	15.0	982.9	0
2026-09-23T01:20:21	ltx-2.5-mlx-q8	fast	720p	15.0	1097.7	0
2026-09-23T01:35:59	ltx-2.5-mlx-q8	fast	720p	15.0	936.3	0
2026-09-23T01:40:36	ltx-2.5-mlx-q8	fast	480p	15.0	275.1	0
2026-09-23T01:44:13	ltx-2.5-mlx-q8	fast	480p	15.0	216.8	0
2026-09-23T01:50:09	ltx-2.5-mlx-q8	fast	480p	15.0	232.2	0
2026-09-23T01:53:56	ltx-2.5-mlx-q8	fast	480p	15.0	226.5	0
2026-09-23T02:01:52	ltx-2.5-mlx-q8	fast	480p	15.0	256.1	0
2026-09-23T02:05:25	ltx-2.5-mlx-q8	fast	480p	15.0	212.0	0
2026-09-23T02:10:04	ltx-2.5-mlx-q8	fast	480p	15.0	179.6	0
2026-09-23T02:14:20	ltx-2.5-mlx-q8	fast	480p	15.0	255.4	0
2026-09-23T02:19:39	ltx-2.5-mlx-q8	fast	480p	15.0	236.7	0
2026-09-23T02:23:31	ltx-2.5-mlx-q8	fast	480p	15.0	231.3	0
2026-09-23T02:28:52	ltx-2.5-mlx-q8	fast	480p	15.0	318.7	0
2026-09-23T02:32:53	ltx-2.5-mlx-q8	fast	480p	15.0	239.9	0
2026-09-23T02:38:18	ltx-2.5-mlx-q8	fast	480p	15.0	322.7	0
2026-09-23T02:43:51	ltx-2.5-mlx-q8	fast	480p	15.0	331.2	0
2026-09-23T02:47:37	ltx-2.5-mlx-q8	fast	480p	15.0	225.7	0
2026-09-23T02:50:35	ltx-2.5-mlx-q8	fast	480p	15.0	177.3	0
2026-09-23T02:56:14	ltx-2.5-mlx-q8	fast	480p	15.0	336.5	0
2026-09-23T03:00:18	ltx-2.5-mlx-q8	fast	480p	15.0	243.1	0
2026-09-23T03:06:31	ltx-2.5-mlx-q8	fast	480p	15.0	257.6	0
2026-09-23T03:10:44	ltx-2.5-mlx-q8	fast	480p	15.0	252.7	0
2026-09-23T03:14:35	ltx-2.5-mlx-q8	fast	480p	15.0	224.6	0
2026-09-23T03:18:34	ltx-2.5-mlx-q8	fast	480p	15.0	238.7	0
2026-09-23T03:21:51	ltx-2.5-mlx-q8	fast	480p	15.0	196.4	0
2026-09-23T03:26:16	ltx-2.5-mlx-q8	fast	480p	15.0	264.3	0
2026-09-23T03:30:23	ltx-2.5-mlx-q8	fast	480p	15.0	246.3	0
2026-09-23T03:34:18	ltx-2.5-mlx-q8	fast	480p	15.0	234.4	0
2026-09-23T03:38:18	ltx-2.5-mlx-q8	fast	480p	15.0	239.4	0
2026-09-23T03:41:41	ltx-2.5-mlx-q8	fast	480p	15.0	202.7	0
2026-09-23T03:45:36	ltx-2.5-mlx-q8	fast	480p	15.0	234.9	0
2026-09-23T03:49:15	ltx-2.5-mlx-q8	fast	480p	15.0	218.2	0
2026-09-23T03:53:15	ltx-2.5-mlx-q8	fast	480p	15.0	233.5	0
2026-09-23T03:57:53	ltx-2.5-mlx-q8	fast	480p	15.0	277.8	0
2026-09-23T04:01:20	ltx-2.5-mlx-q8	fast	480p	15.0	206.3	0
2026-09-23T04:06:06	ltx-2.5-mlx-q8	fast	480p	15.0	286.1	0
2026-09-23T04:10:14	ltx-2.5-mlx-q8	fast	480p	15.0	247.1	0
2026-09-23T04:14:33	ltx-2.5-mlx-q8	fast	480p	15.0	258.6	0
2026-09-23T04:18:49	ltx-2.5-mlx-q8	fast	480p	15.0	254.9	0
2026-09-23T04:23:06	ltx-2.5-mlx-q8	fast	480p	15.0	256.1	0
2026-09-23T04:26:25	ltx-2.5-mlx-q8	fast	480p	15.0	194.2	0
2026-09-23T04:30:38	ltx-2.5-mlx-q8	fast	480p	15.0	252.5	0
2026-09-23T04:34:37	ltx-2.5-mlx-q8	fast	480p	15.0	238.1	0
2026-09-23T04:38:51	ltx-2.5-mlx-q8	fast	480p	15.0	254.1	0
2026-09-23T04:43:03	ltx-2.5-mlx-q8	fast	480p	15.0	250.8	0
2026-09-23T04:47:22	ltx-2.5-mlx-q8	fast	480p	15.0	258.9	0
2026-09-23T04:50:26	ltx-2.5-mlx-q8	fast	480p	15.0	183.6	0
2026-09-23T04:53:36	ltx-2.5-mlx-q8	fast	480p	15.0	188.8	0
2026-09-23T04:57:43	ltx-2.5-mlx-q8	fast	480p	15.0	242.6	0
2026-09-23T05:00:45	ltx-2.5-mlx-q8	fast	480p	15.0	181.4	0
2026-09-23T05:04:39	ltx-2.5-mlx-q8	fast	480p	15.0	234.1	0
2026-09-23T05:08:09	ltx-2.5-mlx-q8	fast	480p	15.0	208.6	0
2026-09-23T05:12:10	ltx-2.5-mlx-q8	fast	480p	15.0	240.6	0
2026-09-23T05:16:25	ltx-2.5-mlx-q8	fast	480p	15.0	254.7	0
2026-09-23T05:20:40	ltx-2.5-mlx-q8	fast	480p	15.0	254.5	0
2026-09-23T05:24:21	ltx-2.5-mlx-q8	fast	480p	15.0	220.2	0
2026-09-23T05:28:36	ltx-2.5-mlx-q8	fast	480p	15.0	250.1	0
2026-09-23T05:32:39	ltx-2.5-mlx-q8	fast	480p	15.0	242.9	0
2026-09-23T05:37:04	ltx-2.5-mlx-q8	fast	480p	15.0	264.1	0
2026-09-23T05:40:26	ltx-2.5-mlx-q8	fast	480p	15.0	201.9	0
2026-09-23T05:44:26	ltx-2.5-mlx-q8	fast	480p	15.0	239.0	0
2026-09-23T05:48:20	ltx-2.5-mlx-q8	fast	480p	15.0	233.4	0
2026-09-23T05:52:34	ltx-2.5-mlx-q8	fast	480p	15.0	253.1	0
2026-09-23T05:55:38	ltx-2.5-mlx-q8	fast	480p	15.0	183.3	0
2026-09-23T05:59:26	ltx-2.5-mlx-q8	fast	480p	15.0	227.6	0
2026-09-23T06:03:49	ltx-2.5-mlx-q8	fast	480p	15.0	262.8	0
2026-09-23T06:07:28	ltx-2.5-mlx-q8	fast	480p	15.0	218.7	0
2026-09-23T06:11:55	ltx-2.5-mlx-q8	fast	480p	15.0	265.8	0
2026-09-23T06:16:07	ltx-2.5-mlx-q8	fast	480p	15.0	235.2	0
2026-09-23T06:20:08	ltx-2.5-mlx-q8	fast	480p	15.0	239.9	0
2026-09-23T06:24:16	ltx-2.5-mlx-q8	fast	480p	15.0	242.5	0
2026-09-23T06:28:18	ltx-2.5-mlx-q8	fast	480p	15.0	240.7	0
2026-09-23T06:33:02	ltx-2.5-mlx-q8	fast	480p	15.0	242.0	0
2026-09-23T06:38:00	ltx-2.5-mlx-q8	fast	480p	15.0	297.8	0
2026-09-23T06:41:24	ltx-2.5-mlx-q8	fast	480p	15.0	203.2	0
2026-09-23T06:45:16	ltx-2.5-mlx-q8	fast	480p	15.0	231.9	0
2026-09-23T06:48:56	ltx-2.5-mlx-q8	fast	480p	15.0	219.1	0
2026-09-23T06:52:38	ltx-2.5-mlx-q8	fast	480p	15.0	221.4	0
2026-09-23T06:56:23	ltx-2.5-mlx-q8	fast	480p	15.0	224.1	0
2026-09-23T07:00:38	ltx-2.5-mlx-q8	fast	480p	15.0	255.2	0
2026-09-23T07:05:32	ltx-2.5-mlx-q8	fast	480p	15.0	231.4	0
2026-09-23T07:09:34	ltx-2.5-mlx-q8	fast	480p	15.0	241.5	0
2026-09-23T07:13:30	ltx-2.5-mlx-q8	fast	480p	15.0	235.0	0
2026-09-23T07:17:48	ltx-2.5-mlx-q8	fast	480p	15.0	236.2	0
2026-09-23T12:51:30	ltx-2.5-mlx-q8	fast	480p	15.0	256.9	0
2026-09-23T12:54:44	ltx-2.5-mlx-q8	fast	480p	15.0	192.9	0
2026-09-23T12:57:44	ltx-2.5-mlx-q8	fast	480p	15.0	179.3	0
2026-09-23T13:02:09	ltx-2.5-mlx-q8	fast	480p	15.0	187.9	0
2026-09-23T13:06:08	ltx-2.5-mlx-q8	fast	480p	15.0	239.0	0
2026-09-23T13:09:18	ltx-2.5-mlx-q8	fast	480p	15.0	189.5	0
2026-09-23T13:13:04	ltx-2.5-mlx-q8	fast	480p	15.0	225.0	0
2026-09-23T13:16:57	ltx-2.5-mlx-q8	fast	480p	15.0	232.5	0
2026-09-23T13:21:15	ltx-2.5-mlx-q8	fast	480p	15.0	257.6	0
2026-09-23T13:25:36	ltx-2.5-mlx-q8	fast	480p	15.0	260.3	0
2026-09-23T13:30:11	ltx-2.5-mlx-q8	fast	480p	15.0	274.2	0
2026-09-23T13:34:25	ltx-2.5-mlx-q8	fast	480p	15.0	253.0	0
2026-09-23T13:38:53	ltx-2.5-mlx-q8	fast	480p	15.0	267.5	0
2026-09-23T13:43:24	ltx-2.5-mlx-q8	fast	480p	15.0	270.9	0
2026-09-23T13:47:44	ltx-2.5-mlx-q8	fast	480p	15.0	259.0	0
2026-09-23T13:53:45	ltx-2.5-mlx-q8	fast	480p	15.0	264.3	0
2026-09-23T13:57:42	ltx-2.5-mlx-q8	fast	480p	15.0	236.2	0
2026-09-23T16:07:27	ltx-2.5-mlx-q8	fast	480p	15.0	291.2	0
2026-09-23T16:10:14	ltx-2.5-mlx-q8	fast	480p	15.0	166.6	0
2026-09-23T16:13:00	ltx-2.5-mlx-q8	fast	480p	15.0	165.0	0
2026-09-23T16:15:37	ltx-2.5-mlx-q8	fast	480p	15.0	156.2	0
2026-09-23T16:18:12	ltx-2.5-mlx-q8	fast	480p	15.0	154.5	0
2026-09-23T16:20:46	ltx-2.5-mlx-q8	fast	480p	15.0	153.5	0
2026-09-23T16:23:21	ltx-2.5-mlx-q8	fast	480p	15.0	154.6	0
2026-09-23T16:25:53	ltx-2.5-mlx-q8	fast	480p	15.0	152.0	0
2026-09-23T16:28:25	ltx-2.5-mlx-q8	fast	480p	15.0	151.3	0
2026-09-23T16:30:58	ltx-2.5-mlx-q8	fast	480p	15.0	152.1	0
2026-09-23T16:33:31	ltx-2.5-mlx-q8	fast	480p	15.0	152.1	0
2026-09-23T16:36:04	ltx-2.5-mlx-q8	fast	480p	15.0	152.5	0
2026-09-23T16:56:28	ltx-2.5-mlx-q8	fast	480p	15.0	158.5	0
2026-09-23T16:59:16	ltx-2.5-mlx-q8	fast	480p	15.0	154.4	0
2026-09-23T17:02:04	ltx-2.5-mlx-q8	fast	480p	15.0	166.9	0
2026-09-23T17:05:25	ltx-2.5-mlx-q8	fast	480p	5.0	44.7	0
2026-09-23T17:07:31	ltx-2.5-mlx-q8	fast	480p	5.0	42.8	0
2026-09-23T17:09:39	ltx-2.5-mlx-q8	fast	480p	5.0	45.0	0
2026-09-23T17:25:59	ltx-2.5-mlx-q8	fast	720p	15.0	552.5	0
2026-09-23T17:35:04	ltx-2.5-mlx-q8	fast	720p	15.0	544.6	0
2026-09-23T17:44:07	ltx-2.5-mlx-q8	fast	720p	15.0	542.3	0
2026-09-23T17:56:00	ltx-2.5-mlx-q8	fast	720p	15.0	609.3	0
2026-09-23T18:05:08	ltx-2.5-mlx-q8	fast	720p	15.0	547.3	0
2026-09-23T18:14:10	ltx-2.5-mlx-q8	fast	720p	15.0	541.8	0
2026-09-23T18:23:14	ltx-2.5-mlx-q8	fast	720p	15.0	543.5	0
2026-09-23T18:32:18	ltx-2.5-mlx-q8	fast	720p	15.0	543.0	0
2026-09-23T18:41:22	ltx-2.5-mlx-q8	fast	720p	15.0	543.9	0
2026-09-23T18:50:24	ltx-2.5-mlx-q8	fast	720p	15.0	541.3	0
2026-09-23T18:59:27	ltx-2.5-mlx-q8	fast	720p	15.0	542.5	0
2026-09-23T19:08:29	ltx-2.5-mlx-q8	fast	720p	15.0	541.3	0
2026-09-23T19:26:27	ltx-2.5-mlx-q8	fast	720p	15.0	546.9	0
2026-09-23T19:35:30	ltx-2.5-mlx-q8	fast	720p	15.0	543.1	0
2026-09-23T19:44:35	ltx-2.5-mlx-q8	fast	720p	15.0	543.7	0
2026-09-23T20:41:44	ltx-2.5-mlx-q8	fast	480p	5.0	42.3	0
2026-09-23T20:42:27	ltx-2.5-mlx-q8	fast	480p	5.0	42.9	0
2026-09-23T20:44:13	ltx-2.5-mlx-q8	fast	480p	5.0	43.7	0
2026-09-23T20:44:56	ltx-2.5-mlx-q8	fast	480p	5.0	43.2	0
2026-09-23T20:56:26	ltx-2.5-mlx-q8	fast	480p	5.0	45.4	0
2026-09-23T20:57:12	ltx-2.5-mlx-q8	fast	480p	5.0	45.6	0
2026-09-24T12:29:55	ltx-2.5-mlx-q8	fast	480p	2.0	23.8	0
2026-09-24T12:30:16	ltx-2.5-mlx-q8	fast	480p	2.0	20.6	0
2026-09-24T12:30:36	ltx-2.5-mlx-q8	fast	480p	2.0	20.6	0
2026-09-24T13:13:59	ltx-2.5-mlx-q8	fast	480p	15.0	154.7	0
2026-09-24T13:16:32	ltx-2.5-mlx-q8	fast	480p	15.0	151.9	0
2026-09-24T13:19:04	ltx-2.5-mlx-q8	fast	480p	15.0	152.1	0
2026-09-24T13:27:24	ltx-2.5-mlx-q8	fast	480p	15.0	154.4	0
2026-09-24T13:29:57	ltx-2.5-mlx-q8	fast	480p	15.0	152.7	0
2026-09-24T13:32:30	ltx-2.5-mlx-q8	fast	480p	15.0	152.5	0
2026-09-24T13:35:02	ltx-2.5-mlx-q8	fast	480p	15.0	152.0	0
2026-09-24T13:37:36	ltx-2.5-mlx-q8	fast	480p	15.0	152.9	0
2026-09-24T13:40:09	ltx-2.5-mlx-q8	fast	480p	15.0	152.8	0
2026-09-24T13:42:42	ltx-2.5-mlx-q8	fast	480p	15.0	152.0	0
2026-09-24T13:45:16	ltx-2.5-mlx-q8	fast	480p	15.0	154.2	0
2026-09-24T13:47:50	ltx-2.5-mlx-q8	fast	480p	15.0	153.0	0
2026-09-24T13:50:24	ltx-2.5-mlx-q8	fast	480p	15.0	153.0	0
2026-09-24T14:02:06	ltx-2.5-mlx-q8	fast	480p	15.0	158.2	0
2026-09-24T14:57:04	ltx-2.5-mlx-q8	fast	720p	8.0	277.5	0
2026-09-24T15:01:45	ltx-2.5-mlx-q8	fast	720p	8.0	280.1	0
2026-09-24T15:21:04	ltx-2.5-mlx-q8	quality	720p	8.0	1159.2	0
2026-09-24T17:49:20	ltx-2.5-mlx-q8	quality	720p	8.0	8894.9	0
2026-09-24T17:57:51	ltx-2.5-mlx-q8	fast	720p	8.0	510.4	0
2026-09-25T18:20:05	ltx-2.5-mlx-q8	fast	480p	5.0	44.6	0
2026-09-25T18:20:47	ltx-2.5-mlx-q8	fast	480p	5.0	42.4	0
2026-09-25T18:36:37	ltx-2.5-mlx-q8	fast	480p	2.0	24.1	0
2026-09-25T18:36:58	ltx-2.5-mlx-q8	fast	480p	2.0	20.5	0
2026-09-25T18:37:19	ltx-2.5-mlx-q8	fast	480p	2.0	20.4	0
2026-09-25T20:45:30	ltx-2.5-mlx-q8	fast	720p	10.0	346.2	0
2026-09-25T21:09:59	ltx-2.5-mlx-q8	quality	720p	10.0	1468.2	0
2026-09-25T21:28:23	ltx-2.5-mlx-q8	quality	720p	8.0	1104.2	0
2026-09-25T21:50:10	ltx-2.5-mlx-q8	quality	720p	8.0	1101.4	0
2026-09-25T21:54:27	ltx-2.5-mlx-q8	fast	720p	8.0	256.7	0
2026-09-25T22:12:57	ltx-2.5-mlx-q8	quality	720p	8.0	1109.0	0
2026-09-25T22:17:15	ltx-2.5-mlx-q8	fast	720p	8.0	257.4	0
2026-09-25T22:21:30	ltx-2.5-mlx-q8	fast	720p	8.0	255.4	0
2026-09-25T22:25:50	ltx-2.5-mlx-q8	fast	720p	8.0	259.0	0
2026-09-25T22:31:37	ltx-2.5-mlx-q8	fast	720p	10.0	347.0	0
2026-09-25T22:35:59	ltx-2.5-mlx-q8	fast	720p	8.0	261.2	0
2026-09-25T22:41:45	ltx-2.5-mlx-q8	fast	720p	10.0	346.0	0
2026-09-25T22:59:56	ltx-2.5-mlx-q8	quality	720p	8.0	1089.9	0
2026-09-25T23:05:43	ltx-2.5-mlx-q8	fast	720p	10.0	346.6	0
2026-09-25T23:10:02	ltx-2.5-mlx-q8	fast	720p	8.0	258.7	0
2026-09-25T23:14:20	ltx-2.5-mlx-q8	fast	720p	8.0	257.5	0
2026-09-25T23:44:27	ltx-2.5-mlx-q8	quality	720p	10.0	1451.4	0
2026-09-25T23:50:17	ltx-2.5-mlx-q8	fast	720p	10.0	349.9	0
2026-09-26T05:36:14	ltx-2.5-mlx-q8	fast	480p	5.0	42.5	0
2026-09-26T05:36:56	ltx-2.5-mlx-q8	fast	480p	5.0	41.5	0
2026-09-26T05:39:49	ltx-2.5-mlx-q8	fast	480p	5.0	41.9	0
2026-09-26T05:40:33	ltx-2.5-mlx-q8	fast	480p	5.0	43.9	0
2026-09-26T05:42:58	ltx-2.5-mlx-q8	fast	480p	5.0	42.1	0
2026-09-26T05:43:41	ltx-2.5-mlx-q8	fast	480p	5.0	42.9	0
2026-09-26T05:46:00	ltx-2.5-mlx-q8	fast	480p	5.0	41.6	0
2026-09-26T05:46:44	ltx-2.5-mlx-q8	fast	480p	5.0	43.7	0
2026-09-26T05:56:53	ltx-2.5-mlx-q8	fast	480p	5.0	42.3	0
2026-09-26T05:58:10	ltx-2.5-mlx-q8	fast	480p	5.0	42.2	0
2026-09-26T05:59:27	ltx-2.5-mlx-q8	fast	480p	5.0	41.9	0
2026-09-26T06:00:15	ltx-2.5-mlx-q8	fast	480p	5.0	45.6	0
2026-09-26T06:01:38	ltx-2.5-mlx-q8	fast	480p	5.0	48.4	0
2026-09-26T06:03:00	ltx-2.5-mlx-q8	fast	480p	5.0	46.8	0
2026-09-26T06:04:23	ltx-2.5-mlx-q8	fast	480p	5.0	47.8	0
2026-09-26T06:05:08	ltx-2.5-mlx-q8	fast	480p	5.0	43.1	0
2026-09-26T06:05:54	ltx-2.5-mlx-q8	fast	480p	5.0	42.9	0
2026-09-26T06:06:39	ltx-2.5-mlx-q8	fast	480p	5.0	42.8	0
2026-09-26T06:07:25	ltx-2.5-mlx-q8	fast	480p	5.0	43.0	0
2026-09-26T06:08:10	ltx-2.5-mlx-q8	fast	480p	5.0	42.5	0
2026-09-26T06:12:00	ltx-2.5-mlx-q8	quality	480p	5.0	228.4	0
2026-09-26T06:15:45	ltx-2.5-mlx-q8	quality	480p	5.0	222.3	0
2026-09-26T06:19:22	ltx-2.5-mlx-q8	quality	480p	5.0	214.3	0
2026-09-26T06:22:57	ltx-2.5-mlx-q8	quality	480p	5.0	212.4	0
2026-09-26T06:26:30	ltx-2.5-mlx-q8	quality	480p	5.0	210.7	0
2026-09-26T06:26:53	ltx-2.5-mlx-q8	fast	480p	2.0	19.9	0
2026-09-26T06:27:35	ltx-2.5-mlx-q8	fast	480p	5.0	39.7	0
2026-09-26T06:28:20	ltx-2.5-mlx-q8	fast	480p	5.0	42.5	0
2026-09-26T06:29:05	ltx-2.5-mlx-q8	fast	480p	5.0	42.1	0
2026-09-26T06:29:50	ltx-2.5-mlx-q8	fast	480p	5.0	42.5	0
2026-09-26T06:30:40	ltx-2.5-mlx-q8	fast	480p	5.0	47.8	0
2026-09-26T06:31:30	ltx-2.5-mlx-q8	fast	480p	5.0	47.1	0
2026-09-26T06:32:20	ltx-2.5-mlx-q8	fast	480p	5.0	47.6	0
2026-09-26T06:35:44	ltx-2.5-mlx-q8	fast	480p	5.0	44.6	0
2026-09-26T06:36:29	ltx-2.5-mlx-q8	fast	480p	5.0	42.1	0
2026-09-26T06:37:14	ltx-2.5-mlx-q8	fast	480p	5.0	41.8	0
2026-09-26T06:40:49	ltx-2.5-mlx-q8	quality	480p	5.0	212.6	0
2026-09-26T06:44:35	ltx-2.5-mlx-q8	quality	480p	5.0	223.6	0
2026-09-26T06:48:07	ltx-2.5-mlx-q8	quality	480p	5.0	209.2	0
2026-09-26T06:51:53	ltx-2.5-mlx-q8	quality	480p	5.0	223.2	0
2026-09-26T07:03:59	ltx-2.5-mlx-q8	quality	720p	5.0	609.1	0
2026-09-26T07:06:11	ltx-2.5-mlx-q8	fast	720p	5.0	131.5	0
2026-09-26T07:08:01	ltx-2.5-mlx-q8	fast	480p	5.0	45.5	0
2026-09-26T07:08:44	ltx-2.5-mlx-q8	fast	480p	5.0	42.9	0
2026-09-26T07:10:26	ltx-2.5-mlx-q8	fast	480p	5.0	44.2	0
2026-09-26T07:52:00	ltx-2.5-mlx-q8	quality	720p	10.0	1481.6	0
2026-09-26T08:17:37	ltx-2.5-mlx-q8	quality	720p	10.0	1480.0	0
2026-09-26T08:22:54	ltx-2.5-mlx-q8	fast	720p	8.0	259.7	0
2026-09-26T08:45:40	ltx-2.5-mlx-q8	quality	720p	8.0	1123.4	0
2026-09-26T08:50:56	ltx-2.5-mlx-q8	fast	720p	8.0	259.4	0
2026-09-26T09:10:33	ltx-2.5-mlx-q8	quality	720p	8.0	1121.2	0
2026-09-26T09:15:48	ltx-2.5-mlx-q8	fast	720p	8.0	258.9	0
2026-09-26T09:21:05	ltx-2.5-mlx-q8	fast	720p	8.0	261.4	0
2026-09-26T09:26:21	ltx-2.5-mlx-q8	fast	720p	8.0	259.9	0
2026-09-26T09:33:07	ltx-2.5-mlx-q8	fast	720p	10.0	349.9	0
2026-09-26T09:38:24	ltx-2.5-mlx-q8	fast	720p	8.0	261.4	0
2026-09-26T09:43:42	ltx-2.5-mlx-q8	fast	720p	8.0	261.6	0
2026-09-26T10:03:43	ltx-2.5-mlx-q8	quality	720p	8.0	1144.9	0
2026-09-26T10:10:33	ltx-2.5-mlx-q8	fast	720p	10.0	352.2	0
2026-09-26T10:15:54	ltx-2.5-mlx-q8	fast	720p	8.0	263.6	0
2026-09-26T10:21:16	ltx-2.5-mlx-q8	fast	720p	8.0	264.5	0
2026-09-26T10:57:51	ltx-2.5-mlx-q8	quality	720p	10.0	1484.4	0
2026-09-26T11:03:08	ltx-2.5-mlx-q8	fast	720p	8.0	259.7	0
2026-09-26T11:22:53	ltx-2.5-mlx-q8	quality	720p	8.0	1129.2	0
2026-09-26T11:42:32	ltx-2.5-mlx-q8	quality	720p	8.0	1123.0	0
2026-09-26T11:47:48	ltx-2.5-mlx-q8	fast	720p	8.0	259.0	0
2026-09-26T11:53:03	ltx-2.5-mlx-q8	fast	720p	8.0	259.2	0
2026-09-26T12:12:40	ltx-2.5-mlx-q8	quality	720p	8.0	1121.3	0
2026-09-26T12:17:56	ltx-2.5-mlx-q8	fast	720p	8.0	259.1	0
2026-09-27T01:12:02	ltx-2.5-mlx-q8	fast	720p	5.0	138.7	0
2026-09-27T01:17:44	ltx-2.5-mlx-q8	fast	720p	6.0	184.1	0
2026-09-27T01:20:41	ltx-2.5-mlx-q8	fast	720p	6.0	177.1	0
2026-09-27T01:23:42	ltx-2.5-mlx-q8	fast	720p	6.0	180.2	0
2026-09-27T01:26:39	ltx-2.5-mlx-q8	fast	720p	6.0	176.7	0
2026-09-27T01:31:14	ltx-2.5-mlx-q8	fast	480p	4.0	40.9	0
2026-09-27T01:34:07	ltx-2.5-mlx-q8	fast	480p	5.0	44.8	0
2026-09-27T01:34:52	ltx-2.5-mlx-q8	fast	480p	5.0	44.6	0
2026-09-27T01:53:46	ltx-2.5-mlx-q8	fast	480p	4.0	36.7	0
2026-09-27T02:48:20	ltx-2.5-mlx-q8	quality	720p	8.0	1126.3	0
2026-09-27T02:52:50	ltx-2.5-mlx-q8	fast	720p	8.0	259.8	0
2026-09-27T02:57:18	ltx-2.5-mlx-q8	fast	720p	8.0	258.4	0
2026-09-27T03:22:22	ltx-2.5-mlx-q8	quality	720p	8.0	1124.7	0
2026-09-27T03:50:23	ltx-2.5-mlx-q8	quality	720p	8.0	1122.1	0
2026-09-27T03:54:52	ltx-2.5-mlx-q8	fast	720p	8.0	259.2	0
2026-09-27T03:59:18	ltx-2.5-mlx-q8	fast	720p	8.0	256.5	0
2026-09-27T04:17:16	ltx-2.5-mlx-q8	fast	720p	8.0	258.7	0
2026-09-27T04:21:57	ltx-2.5-mlx-q8	fast	720p	8.0	260.7	0
2026-09-27T04:26:25	ltx-2.5-mlx-q8	fast	720p	8.0	257.8	0
2026-09-27T04:30:52	ltx-2.5-mlx-q8	fast	720p	8.0	257.3	0
2026-09-27T04:35:33	ltx-2.5-mlx-q8	fast	720p	8.0	260.4	0
2026-09-27T04:54:39	ltx-2.5-mlx-q8	quality	720p	8.0	1123.8	0
2026-09-27T04:59:08	ltx-2.5-mlx-q8	fast	720p	8.0	259.0	0
2026-09-27T05:03:34	ltx-2.5-mlx-q8	fast	720p	8.0	256.4	0
2026-09-27T05:08:15	ltx-2.5-mlx-q8	fast	720p	8.0	259.6	0
2026-09-27T05:12:41	ltx-2.5-mlx-q8	fast	720p	8.0	256.9	0
2026-09-27T05:31:48	ltx-2.5-mlx-q8	quality	720p	8.0	1125.1	0
2026-09-27T05:36:18	ltx-2.5-mlx-q8	fast	720p	8.0	259.4	0
2026-09-27T05:40:44	ltx-2.5-mlx-q8	fast	720p	8.0	257.0	0
2026-09-27T05:45:26	ltx-2.5-mlx-q8	fast	720p	8.0	260.5	0
2026-09-27T05:50:07	ltx-2.5-mlx-q8	fast	720p	8.0	260.5	0
2026-09-27T05:54:37	ltx-2.5-mlx-q8	fast	720p	8.0	259.9	0
2026-09-27T05:59:04	ltx-2.5-mlx-q8	fast	720p	8.0	257.5	0
2026-09-27T06:03:46	ltx-2.5-mlx-q8	fast	720p	8.0	261.0	0
2026-09-27T06:22:48	ltx-2.5-mlx-q8	quality	720p	8.0	1122.5	0
2026-09-27T06:48:03	ltx-2.5-mlx-q8	fast	720p	8.0	257.4	0
2026-09-27T06:52:49	ltx-2.5-mlx-q8	fast	720p	8.0	260.3	0
2026-09-27T06:57:34	ltx-2.5-mlx-q8	fast	720p	8.0	260.8	0
2026-09-27T07:16:44	ltx-2.5-mlx-q8	quality	720p	8.0	1124.1	0
2026-09-27T07:21:13	ltx-2.5-mlx-q8	fast	720p	8.0	259.1	0
2026-09-27T07:26:01	ltx-2.5-mlx-q8	fast	720p	8.0	261.6	0
2026-09-27T07:45:09	ltx-2.5-mlx-q8	quality	720p	8.0	1122.4	0
2026-09-27T07:49:56	ltx-2.5-mlx-q8	fast	720p	8.0	262.3	0
2026-09-27T07:54:42	ltx-2.5-mlx-q8	fast	720p	8.0	260.2	0
2026-09-27T07:59:28	ltx-2.5-mlx-q8	fast	720p	8.0	260.5	0
2026-09-27T08:10:56	ltx-2.5-mlx-q8	fast	720p	8.0	258.7	0
2026-09-27T13:20:51	ltx-2.5-mlx-q8	fast	720p	8.0	288.9	0
2026-09-27T13:25:19	ltx-2.5-mlx-q8	fast	720p	8.0	267.5	0
2026-09-27T13:29:48	ltx-2.5-mlx-q8	fast	720p	8.0	269.0	0
2026-09-27T13:34:17	ltx-2.5-mlx-q8	fast	720p	8.0	267.8	0
2026-09-27T13:39:14	ltx-2.5-mlx-q8	fast	720p	8.0	296.6	0
2026-09-27T13:44:16	ltx-2.5-mlx-q8	fast	720p	8.0	302.4	0
2026-09-27T13:49:17	ltx-2.5-mlx-q8	fast	720p	8.0	299.6	0
2026-09-27T13:54:06	ltx-2.5-mlx-q8	fast	720p	8.0	289.5	0
2026-09-27T13:59:02	ltx-2.5-mlx-q8	fast	720p	8.0	295.2	0
2026-09-27T14:03:56	ltx-2.5-mlx-q8	fast	720p	8.0	293.6	0
2026-09-27T14:08:40	ltx-2.5-mlx-q8	fast	720p	8.0	283.8	0
2026-09-27T14:13:30	ltx-2.5-mlx-q8	fast	720p	8.0	289.5	0
2026-09-27T14:33:44	ltx-2.5-mlx-q8	quality	720p	8.0	1213.0	0
2026-09-27T14:57:46	ltx-2.5-mlx-q8	quality	720p	8.0	1441.7	0
2026-09-27T16:21:38	ltx-2.5-mlx-q8	fast	480p	8.0	69.5	0
2026-09-27T16:32:35	ltx-2.5-mlx-q8	fast	480p	8.0	66.9	0
2026-09-27T16:33:56	ltx-2.5-mlx-q8	fast	480p	8.0	66.5	0
2026-09-27T16:35:16	ltx-2.5-mlx-q8	fast	480p	8.0	66.7	0
2026-09-27T16:49:18	ltx-2.5-mlx-q8	fast	480p	8.0	69.0	0
2026-09-27T17:00:15	ltx-2.5-mlx-q8	fast	480p	8.0	68.1	0
2026-09-27T17:01:35	ltx-2.5-mlx-q8	fast	480p	8.0	65.8	0
2026-09-27T17:02:55	ltx-2.5-mlx-q8	fast	480p	8.0	66.5	0
2026-09-27T17:16:57	ltx-2.5-mlx-q8	fast	480p	8.0	68.3	0
2026-09-27T17:22:20	ltx-2.5-mlx-q8	fast	480p	8.0	68.4	0
2026-09-27T17:23:40	ltx-2.5-mlx-q8	fast	480p	8.0	66.1	0
2026-09-27T17:24:59	ltx-2.5-mlx-q8	fast	480p	8.0	66.5	0
2026-09-27T17:32:44	ltx-2.5-mlx-q8	fast	480p	8.0	69.5	0
2026-09-27T18:42:40	ltx-2.5-mlx-q8	quality	720p	8.0	1160.5	0
2026-09-27T18:47:24	ltx-2.5-mlx-q8	fast	720p	8.0	267.9	0
2026-09-27T18:52:00	ltx-2.5-mlx-q8	fast	720p	8.0	262.4	0
2026-09-27T18:56:35	ltx-2.5-mlx-q8	fast	720p	8.0	262.7	0
2026-09-27T19:01:28	ltx-2.5-mlx-q8	fast	720p	8.0	264.7	0
2026-09-27T19:15:04	ltx-2.5-mlx-q8	fast	720p	8.0	255.9	0
2026-09-27T19:19:35	ltx-2.5-mlx-q8	fast	720p	8.0	257.5	0
2026-09-27T19:24:06	ltx-2.5-mlx-q8	fast	720p	8.0	259.1	0
2026-09-27T19:29:25	ltx-2.5-mlx-q8	fast	720p	5.0	131.5	0
2026-09-27T19:35:30	ltx-2.5-mlx-q8	fast	720p	8.0	267.8	0
2026-09-27T19:40:17	ltx-2.5-mlx-q8	fast	720p	8.0	261.5	0
2026-09-27T19:44:51	ltx-2.5-mlx-q8	fast	720p	8.0	259.8	0
2026-09-27T19:49:25	ltx-2.5-mlx-q8	fast	720p	8.0	259.3	0
2026-09-27T19:53:57	ltx-2.5-mlx-q8	fast	720p	8.0	258.0	0
2026-09-27T19:58:45	ltx-2.5-mlx-q8	fast	720p	8.0	259.8	0
2026-09-27T20:03:27	ltx-2.5-mlx-q8	fast	720p	8.0	260.4	0
2026-09-27T20:22:45	ltx-2.5-mlx-q8	quality	720p	8.0	1130.7	0
2026-09-27T20:27:20	ltx-2.5-mlx-q8	fast	720p	8.0	260.0	0
2026-09-27T20:32:01	ltx-2.5-mlx-q8	fast	720p	8.0	257.9	0
2026-09-27T20:36:54	ltx-2.5-mlx-q8	fast	720p	8.0	262.1	0
2026-09-27T20:41:42	ltx-2.5-mlx-q8	fast	720p	8.0	261.0	0
2026-09-27T20:46:16	ltx-2.5-mlx-q8	fast	720p	8.0	259.0	0
2026-09-27T20:51:02	ltx-2.5-mlx-q8	fast	720p	8.0	260.0	0
2026-09-27T20:55:43	ltx-2.5-mlx-q8	fast	720p	8.0	258.8	0
2026-09-27T21:00:31	ltx-2.5-mlx-q8	fast	720p	8.0	261.6	0
2026-09-27T21:05:09	ltx-2.5-mlx-q8	fast	720p	8.0	262.6	0
2026-09-27T21:09:42	ltx-2.5-mlx-q8	fast	720p	8.0	260.8	0
2026-09-27T21:14:13	ltx-2.5-mlx-q8	fast	720p	8.0	259.7	0
2026-09-27T21:19:02	ltx-2.5-mlx-q8	fast	720p	8.0	261.7	0
2026-09-27T21:23:49	ltx-2.5-mlx-q8	fast	720p	8.0	260.9	0
2026-09-27T21:28:18	ltx-2.5-mlx-q8	fast	720p	8.0	258.5	0
2026-09-27T21:32:51	ltx-2.5-mlx-q8	fast	720p	8.0	260.1	0
2026-09-27T21:52:23	ltx-2.5-mlx-q8	quality	720p	8.0	1134.0	0
2026-09-27T21:56:58	ltx-2.5-mlx-q8	fast	720p	8.0	259.6	0
2026-09-27T22:01:49	ltx-2.5-mlx-q8	fast	720p	8.0	259.9	0
2026-09-27T22:20:58	ltx-2.5-mlx-q8	quality	720p	8.0	1128.0	0
2026-09-27T22:58:20	ltx-2.5-mlx-q8	fast	720p	8.0	257.7	0
2026-09-27T23:03:07	ltx-2.5-mlx-q8	fast	720p	8.0	260.9	0
2026-09-27T23:07:43	ltx-2.5-mlx-q8	fast	720p	8.0	261.5	0
2026-09-27T23:12:39	ltx-2.5-mlx-q8	fast	720p	8.0	263.9	0
2026-09-27T23:31:58	ltx-2.5-mlx-q8	quality	720p	8.0	1132.8	0
2026-09-27T23:36:47	ltx-2.5-mlx-q8	fast	720p	8.0	261.9	0
2026-09-27T23:41:20	ltx-2.5-mlx-q8	fast	720p	8.0	257.4	0
2026-09-27T23:46:04	ltx-2.5-mlx-q8	fast	720p	8.0	258.4	0
2026-09-27T23:56:25	ltx-2.5-mlx-q8	fast	720p	8.0	258.7	0
2026-09-28T00:01:12	ltx-2.5-mlx-q8	fast	720p	8.0	260.2	0
2026-10-03T03:07:52	ltx-2.5-mlx-q8	quality	720p	8.0	1137.6	0
2026-10-03T03:12:28	ltx-2.5-mlx-q8	fast	720p	8.0	264.3	0
2026-10-03T03:31:43	ltx-2.5-mlx-q8	quality	720p	8.0	1134.6	0
2026-10-03T03:36:31	ltx-2.5-mlx-q8	fast	720p	8.0	261.5	0
2026-10-03T03:41:16	ltx-2.5-mlx-q8	fast	720p	8.0	259.8	0
2026-10-03T03:50:49	ltx-2.5-mlx-q8	fast	720p	8.0	258.6	0
2026-10-03T03:55:34	ltx-2.5-mlx-q8	fast	720p	8.0	259.8	0
2026-10-03T03:58:56	ltx-2.5-mlx-q8	fast	720p	6.0	182.3	0
2026-10-03T04:03:29	ltx-2.5-mlx-q8	fast	720p	8.0	258.7	0
2026-10-03T04:08:14	ltx-2.5-mlx-q8	fast	720p	8.0	260.6	0
2026-10-03T04:12:59	ltx-2.5-mlx-q8	fast	720p	8.0	260.5	0
2026-10-03T04:17:43	ltx-2.5-mlx-q8	fast	720p	8.0	260.0	0
2026-10-03T04:22:28	ltx-2.5-mlx-q8	fast	720p	8.0	259.9	0
2026-10-03T04:27:12	ltx-2.5-mlx-q8	fast	720p	8.0	259.8	0
2026-10-03T04:31:57	ltx-2.5-mlx-q8	fast	720p	8.0	260.2	0
2026-10-03T04:36:41	ltx-2.5-mlx-q8	fast	720p	8.0	260.6	0
2026-10-03T04:41:27	ltx-2.5-mlx-q8	fast	720p	8.0	260.1	0
2026-10-03T04:46:12	ltx-2.5-mlx-q8	fast	720p	8.0	259.7	0
2026-10-03T04:50:56	ltx-2.5-mlx-q8	fast	720p	8.0	259.0	0
2026-10-03T04:55:40	ltx-2.5-mlx-q8	fast	720p	8.0	259.7	0
2026-10-03T05:00:25	ltx-2.5-mlx-q8	fast	720p	8.0	259.8	0
2026-10-03T05:19:39	ltx-2.5-mlx-q8	quality	720p	8.0	1132.5	0
2026-10-03T13:51:11	ltx-2.5-mlx-q8	fast	720p	8.0	284.0	0
2026-10-03T13:56:04	ltx-2.5-mlx-q8	fast	720p	8.0	281.7	0
2026-10-03T14:00:56	ltx-2.5-mlx-q8	fast	720p	8.0	280.9	0
2026-10-03T14:05:48	ltx-2.5-mlx-q8	fast	720p	8.0	280.7	0
2026-10-03T14:10:40	ltx-2.5-mlx-q8	fast	720p	8.0	280.3	0
2026-10-03T14:15:31	ltx-2.5-mlx-q8	fast	720p	8.0	279.7	0
2026-10-03T14:20:22	ltx-2.5-mlx-q8	fast	720p	8.0	278.9	0
2026-10-03T14:25:06	ltx-2.5-mlx-q8	fast	720p	8.0	272.6	0
2026-10-03T14:29:52	ltx-2.5-mlx-q8	fast	720p	8.0	273.5	0
2026-10-03T15:28:44	ltx-2.5-mlx-q8	quality	720p	6.0	880.2	0
2026-10-03T15:34:28	ltx-2.5-mlx-q8	fast	720p	8.0	276.2	0
2026-10-03T15:39:12	ltx-2.5-mlx-q8	fast	720p	8.0	271.2	0
2026-10-03T15:43:49	ltx-2.5-mlx-q8	fast	720p	6.0	189.9	0
2026-10-03T15:52:29	ltx-2.5-mlx-q8	fast	720p	8.0	277.6	0
2026-10-03T16:08:12	ltx-2.5-mlx-q8	quality	720p	6.0	880.2	0
2026-10-03T16:12:59	ltx-2.5-mlx-q8	fast	720p	8.0	274.3	0
2026-10-03T16:17:38	ltx-2.5-mlx-q8	fast	720p	6.0	188.9	0
2026-10-03T16:21:52	ltx-2.5-mlx-q8	fast	720p	6.0	188.9	0
2026-10-03T16:27:31	ltx-2.5-mlx-q8	fast	720p	8.0	273.8	0
2026-10-03T16:31:47	ltx-2.5-mlx-q8	fast	720p	6.0	189.3	0
2026-10-03T16:36:32	ltx-2.5-mlx-q8	fast	720p	8.0	272.2	0
2026-10-03T16:41:11	ltx-2.5-mlx-q8	fast	720p	6.0	188.7	0
2026-10-03T16:45:55	ltx-2.5-mlx-q8	fast	720p	8.0	271.6	0
2026-10-03T16:51:59	ltx-2.5-mlx-q8	fast	720p	8.0	273.7	0
2026-10-03T16:55:20	ltx-2.5-mlx-q8	fast	720p	6.0	187.4	0
2026-10-03T16:58:39	ltx-2.5-mlx-q8	fast	720p	6.0	187.5	0
2026-10-03T17:04:21	ltx-2.5-mlx-q8	fast	720p	8.0	274.8	0
2026-10-03T17:09:08	ltx-2.5-mlx-q8	fast	720p	8.0	273.9	0
2026-10-03T17:15:18	ltx-2.5-mlx-q8	fast	720p	8.0	276.0	0
2026-10-03T17:37:18	ltx-2.5-mlx-q8	quality	720p	8.0	1251.4	0
2026-10-03T17:59:42	ltx-2.5-mlx-q8	quality	720p	8.0	1273.5	0
2026-10-03T18:03:13	ltx-2.5-mlx-q8	fast	720p	6.0	196.5	0
2026-10-03T18:07:38	ltx-2.5-mlx-q8	fast	720p	6.0	195.8	0
2026-10-03T18:58:11	ltx-2.5-mlx-q8	quality	720p	6.0	885.7	0
2026-10-03T19:09:22	ltx-2.5-mlx-q8	fast	720p	8.0	276.0	0
2026-10-03T19:14:30	ltx-2.5-mlx-q8	fast	720p	8.0	272.2	0
2026-10-03T19:36:24	ltx-2.5-mlx-q8	quality	720p	8.0	1229.3	0
2026-10-03T21:39:26	ltx-2.5-mlx-q8	quality	720p	8.0	1151.1	0
2026-10-03T21:45:08	ltx-2.5-mlx-q8	fast	720p	8.0	259.2	0
2026-10-03T21:48:14	ltx-2.5-mlx-q8	fast	720p	6.0	175.4	0
2026-10-03T21:53:28	ltx-2.5-mlx-q8	fast	720p	8.0	257.6	0
2026-10-03T21:56:35	ltx-2.5-mlx-q8	fast	720p	6.0	176.0	0
2026-10-03T22:02:00	ltx-2.5-mlx-q8	fast	720p	6.0	184.6	0
2026-10-03T22:22:39	ltx-2.5-mlx-q8	quality	720p	8.0	1174.3	0
2026-10-03T22:27:07	ltx-2.5-mlx-q8	fast	720p	8.0	255.9	0
2026-10-03T22:30:42	ltx-2.5-mlx-q8	fast	720p	6.0	179.9	0
2026-10-03T22:33:52	ltx-2.5-mlx-q8	fast	720p	6.0	179.0	0
2026-10-03T22:37:01	ltx-2.5-mlx-q8	fast	720p	6.0	178.6	0
2026-10-03T22:40:10	ltx-2.5-mlx-q8	fast	720p	6.0	178.9	0
2026-10-03T22:43:19	ltx-2.5-mlx-q8	fast	720p	6.0	178.0	0
2026-10-03T22:47:46	ltx-2.5-mlx-q8	fast	720p	8.0	256.9	0
2026-10-03T22:52:13	ltx-2.5-mlx-q8	fast	720p	8.0	255.9	0
2026-10-03T22:55:48	ltx-2.5-mlx-q8	fast	720p	6.0	178.9	0
2026-10-03T22:58:56	ltx-2.5-mlx-q8	fast	720p	6.0	178.0	0
2026-10-03T23:03:23	ltx-2.5-mlx-q8	fast	720p	8.0	256.7	0
2026-10-03T23:07:49	ltx-2.5-mlx-q8	fast	720p	8.0	255.3	0
2026-10-03T23:12:14	ltx-2.5-mlx-q8	fast	720p	6.0	183.9	0
2026-10-03T23:32:09	ltx-2.5-mlx-q8	quality	720p	8.0	1132.8	0
2026-10-03T23:51:16	ltx-2.5-mlx-q8	quality	720p	8.0	1135.2	0
2026-10-03T23:55:43	ltx-2.5-mlx-q8	fast	720p	8.0	255.8	0
2026-10-03T23:59:39	ltx-2.5-mlx-q8	fast	720p	6.0	179.4	0
2026-10-04T00:32:06	ltx-2.5-mlx-q8	quality	720p	8.0	1138.6	0
2026-10-04T00:38:35	ltx-2.5-mlx-q8	fast	720p	8.0	278.4	0
2026-10-04T00:52:41	ltx-2.5-mlx-q8	fast	720p	8.0	280.9	0
2026-10-04T00:58:01	ltx-2.5-mlx-q8	fast	720p	8.0	259.9	0
2026-10-04T01:03:18	ltx-2.5-mlx-q8	fast	720p	8.0	260.7	0
2026-10-04T01:08:34	ltx-2.5-mlx-q8	fast	720p	8.0	259.9	0
2026-10-04T01:13:55	ltx-2.5-mlx-q8	fast	720p	8.0	265.5	0
2026-10-04T01:19:12	ltx-2.5-mlx-q8	fast	720p	8.0	261.2	0
2026-10-04T01:23:44	ltx-2.5-mlx-q8	fast	720p	8.0	257.7	0
2026-10-04T01:28:16	ltx-2.5-mlx-q8	fast	720p	8.0	258.0	0
2026-10-04T01:32:47	ltx-2.5-mlx-q8	fast	720p	8.0	257.6	0
2026-10-04T01:37:20	ltx-2.5-mlx-q8	fast	720p	8.0	259.1	0
2026-10-04T01:41:53	ltx-2.5-mlx-q8	fast	720p	8.0	259.2	0
2026-10-04T01:46:28	ltx-2.5-mlx-q8	fast	720p	8.0	260.5	0
2026-10-04T01:50:54	ltx-2.5-mlx-q8	fast	720p	8.0	256.3	0
2026-10-04T01:55:24	ltx-2.5-mlx-q8	fast	720p	8.0	260.1	0
2026-10-04T01:59:53	ltx-2.5-mlx-q8	fast	720p	8.0	258.5	0
2026-10-04T02:04:22	ltx-2.5-mlx-q8	fast	720p	8.0	259.3	0
2026-10-04T02:08:50	ltx-2.5-mlx-q8	fast	720p	8.0	258.3	0
2026-10-04T02:13:20	ltx-2.5-mlx-q8	fast	720p	8.0	260.9	0
2026-10-04T02:17:49	ltx-2.5-mlx-q8	fast	720p	8.0	259.2	0
2026-10-04T02:22:18	ltx-2.5-mlx-q8	fast	720p	8.0	259.2	0
2026-10-04T02:26:47	ltx-2.5-mlx-q8	fast	720p	8.0	259.3	0
2026-10-04T02:31:17	ltx-2.5-mlx-q8	fast	720p	8.0	259.8	0
2026-10-04T02:35:45	ltx-2.5-mlx-q8	fast	720p	8.0	257.4	0
2026-10-04T02:40:17	ltx-2.5-mlx-q8	fast	720p	8.0	262.3	0
2026-10-04T02:44:45	ltx-2.5-mlx-q8	fast	720p	8.0	257.8	0
2026-10-04T02:49:15	ltx-2.5-mlx-q8	fast	720p	8.0	260.0	0
2026-10-04T02:54:47	ltx-2.5-mlx-q8	fast	720p	8.0	262.4	0
2026-10-04T03:00:19	ltx-2.5-mlx-q8	fast	720p	8.0	261.9	0
2026-10-04T03:05:50	ltx-2.5-mlx-q8	fast	720p	8.0	261.9	0
2026-10-04T03:11:37	ltx-2.5-mlx-q8	fast	720p	8.0	277.8	0
2026-10-04T03:17:08	ltx-2.5-mlx-q8	fast	720p	8.0	260.2	0
2026-10-04T03:22:38	ltx-2.5-mlx-q8	fast	720p	8.0	260.4	0
2026-10-04T03:47:07	ltx-2.5-mlx-q8	fast	720p	8.0	257.8	0
2026-10-04T03:51:34	ltx-2.5-mlx-q8	fast	720p	8.0	257.8	0
2026-10-04T03:56:50	ltx-2.5-mlx-q8	fast	720p	8.0	259.9	0
2026-10-04T04:02:10	ltx-2.5-mlx-q8	fast	720p	8.0	264.0	0
2026-10-04T04:12:31	ltx-2.5-mlx-q8	fast	720p	8.0	263.2	0
2026-10-04T04:17:03	ltx-2.5-mlx-q8	fast	720p	8.0	257.9	0
2026-10-04T04:21:31	ltx-2.5-mlx-q8	fast	720p	8.0	258.3	0
2026-10-04T04:25:58	ltx-2.5-mlx-q8	fast	720p	8.0	257.2	0
2026-10-04T04:30:26	ltx-2.5-mlx-q8	fast	720p	8.0	258.2	0
2026-10-04T04:34:54	ltx-2.5-mlx-q8	fast	720p	8.0	258.7	0
2026-10-04T04:39:23	ltx-2.5-mlx-q8	fast	720p	8.0	259.3	0
2026-10-04T04:43:52	ltx-2.5-mlx-q8	fast	720p	8.0	258.9	0
2026-10-04T04:48:20	ltx-2.5-mlx-q8	fast	720p	8.0	259.1	0
2026-10-04T04:52:47	ltx-2.5-mlx-q8	fast	720p	8.0	257.3	0
2026-10-04T04:57:22	ltx-2.5-mlx-q8	fast	720p	8.0	264.5	0
2026-10-04T05:01:51	ltx-2.5-mlx-q8	fast	720p	8.0	259.9	0
2026-10-04T05:06:21	ltx-2.5-mlx-q8	fast	720p	8.0	260.2	0
2026-10-04T05:10:51	ltx-2.5-mlx-q8	fast	720p	8.0	259.8	0
2026-10-04T05:31:54	ltx-2.5-mlx-q8	fast	720p	8.0	256.5	0
2026-10-04T05:37:08	ltx-2.5-mlx-q8	fast	720p	8.0	258.1	0
2026-10-04T05:42:12	ltx-2.5-mlx-q8	fast	720p	8.0	247.7	0
2026-10-04T05:47:11	ltx-2.5-mlx-q8	fast	720p	8.0	243.6	0
2026-10-04T05:52:13	ltx-2.5-mlx-q8	fast	720p	8.0	245.4	0
2026-10-04T05:57:11	ltx-2.5-mlx-q8	fast	720p	8.0	243.1	0
2026-10-04T06:02:24	ltx-2.5-mlx-q8	fast	720p	8.0	243.2	0
2026-10-04T06:07:36	ltx-2.5-mlx-q8	fast	720p	8.0	243.4	0
2026-10-04T06:12:36	ltx-2.5-mlx-q8	fast	720p	8.0	243.9	0
2026-10-04T06:17:36	ltx-2.5-mlx-q8	fast	720p	8.0	243.4	0
2026-10-04T08:24:25	ltx-2.5-mlx-q8	fast	720p	8.0	245.1	0
2026-10-04T08:30:13	ltx-2.5-mlx-q8	fast	720p	8.0	260.8	0
2026-10-04T08:35:12	ltx-2.5-mlx-q8	fast	720p	8.0	260.5	0
2026-10-04T08:42:00	ltx-2.5-mlx-q8	fast	720p	8.0	257.7	0
2026-10-04T08:47:00	ltx-2.5-mlx-q8	fast	720p	8.0	260.2	0
2026-10-04T08:52:04	ltx-2.5-mlx-q8	fast	720p	8.0	264.6	0
2026-10-04T08:57:00	ltx-2.5-mlx-q8	fast	720p	8.0	259.7	0
2026-10-04T09:03:05	ltx-2.5-mlx-q8	fast	720p	8.0	261.8	0
2026-10-04T17:12:38	ltx-2.5-mlx-q8	fast	480p	2.0	23.4	0
2026-10-04T17:12:59	ltx-2.5-mlx-q8	fast	480p	2.0	20.0	0
2026-10-04T17:13:21	ltx-2.5-mlx-q8	fast	480p	2.0	20.2	0
2026-10-04T17:43:42	ltx-2.5-mlx-q8	fast	720p	8.0	266.5	0
2026-10-04T17:48:30	ltx-2.5-mlx-q8	fast	720p	7.0	220.9	0
2026-10-04T17:52:21	ltx-2.5-mlx-q8	fast	720p	7.0	217.6	0
2026-10-04T18:03:37	ltx-2.5-mlx-q8	fast	720p	8.0	363.8	0
2026-10-04T18:08:12	ltx-2.5-mlx-q8	fast	720p	7.0	200.2	0
2026-10-04T18:15:57	ltx-2.5-mlx-q8	fast	720p	8.0	267.1	0
2026-10-04T18:21:41	ltx-2.5-mlx-q8	fast	720p	6.0	185.5	0
2026-10-04T18:26:18	ltx-2.5-mlx-q8	fast	720p	8.0	264.2	0
2026-10-04T18:31:11	ltx-2.5-mlx-q8	fast	720p	8.0	263.6	0
2026-10-04T18:36:03	ltx-2.5-mlx-q8	fast	720p	8.0	263.9	0
2026-10-04T18:41:24	ltx-2.5-mlx-q8	fast	720p	8.0	278.3	0
2026-10-04T18:45:31	ltx-2.5-mlx-q8	fast	720p	7.0	227.6	0
2026-10-04T18:52:26	ltx-2.5-mlx-q8	fast	720p	8.0	290.3	0
2026-10-04T18:56:11	ltx-2.5-mlx-q8	fast	720p	7.0	223.8	0
2026-10-04T19:01:42	ltx-2.5-mlx-q8	fast	720p	8.0	287.4	0
2026-10-04T19:10:25	ltx-2.5-mlx-q8	fast	720p	12.0	485.4	0
2026-10-04T19:13:57	ltx-2.5-mlx-q8	fast	720p	7.0	210.2	0
2026-10-04T19:16:34	ltx-2.5-mlx-q8	fast	720p	5.0	143.3	0
2026-10-04T19:19:13	ltx-2.5-mlx-q8	fast	720p	5.0	139.6	0
2026-10-04T19:21:54	ltx-2.5-mlx-q8	fast	720p	5.0	140.8	0
2026-10-04T19:25:35	ltx-2.5-mlx-q8	fast	720p	6.0	188.5	0
2026-10-04T19:26:55	ltx-2.5-mlx-q8	fast	480p	2.0	0.1	3
2026-10-04T19:29:22	ltx-2.5-mlx-q8	fast	720p	5.0	145.1	0
2026-10-04T19:34:17	ltx-2.5-mlx-q8	fast	720p	8.0	281.1	0
2026-10-04T19:36:56	ltx-2.5-mlx-q8	fast	720p	5.0	145.4	0
2026-10-04T19:39:46	ltx-2.5-mlx-q8	fast	720p	5.0	149.9	0
2026-10-04T19:42:31	ltx-2.5-mlx-q8	fast	720p	5.0	146.4	0
2026-10-04T20:30:37	ltx-2.5-mlx-q8	quality	720p	15.0	2779.4	0
2026-10-04T20:33:06	ltx-2.5-mlx-q8	fast	720p	5.0	135.8	0
2026-10-04T20:37:03	ltx-2.5-mlx-q8	fast	720p	7.0	224.1	0
2026-10-04T20:40:38	ltx-2.5-mlx-q8	fast	720p	6.0	196.0	0
2026-10-04T20:44:14	ltx-2.5-mlx-q8	fast	720p	6.0	193.6	0
2026-10-04T20:47:46	ltx-2.5-mlx-q8	fast	720p	6.0	188.9	0
2026-10-04T20:52:58	ltx-2.5-mlx-q8	fast	720p	8.0	271.7	0
2026-10-04T21:02:35	ltx-2.5-mlx-q8	fast	720p	12.0	487.2	0
2026-10-04T21:04:59	ltx-2.5-mlx-q8	fast	720p	5.0	141.5	0
2026-10-04T21:39:26	ltx-2.5-mlx-q8	fast	480p	5.0	47.4	0
2026-10-04T21:40:16	ltx-2.5-mlx-q8	fast	480p	5.0	48.3	0
2026-10-04T23:53:56	ltx-2.5-mlx-q8	fast	720p	5.0	131.9	0
2026-10-04T23:55:13	ltx-2.5-mlx-q8	fast	720p	3.0	77.4	0
2026-10-04T23:56:33	ltx-2.5-mlx-q8	fast	720p	3.0	79.4	0
2026-10-05T00:02:39	ltx-2.5-mlx-q8	fast	720p	10.0	366.3	0
2026-10-05T00:04:52	ltx-2.5-mlx-q8	fast	720p	5.0	132.7	0
2026-10-05T00:08:16	ltx-2.5-mlx-q8	fast	720p	7.0	202.8	0
2026-10-05T00:10:05	ltx-2.5-mlx-q8	fast	720p	4.0	109.0	0
2026-10-05T00:12:20	ltx-2.5-mlx-q8	fast	720p	5.0	134.7	0
2026-10-05T00:15:19	ltx-2.5-mlx-q8	fast	720p	6.0	179.3	0
2026-10-05T00:16:37	ltx-2.5-mlx-q8	fast	720p	3.0	77.6	0
2026-10-05T00:17:55	ltx-2.5-mlx-q8	fast	720p	3.0	77.2	0
2026-10-05T00:19:13	ltx-2.5-mlx-q8	fast	720p	3.0	78.0	0
2026-10-05T00:20:29	ltx-2.5-mlx-q8	fast	720p	3.0	76.2	0
2026-10-05T00:22:17	ltx-2.5-mlx-q8	fast	720p	4.0	107.8	0
2026-10-05T00:24:05	ltx-2.5-mlx-q8	fast	720p	4.0	107.0	0
2026-10-05T00:25:20	ltx-2.5-mlx-q8	fast	720p	3.0	75.0	0
2026-10-05T00:26:35	ltx-2.5-mlx-q8	fast	720p	3.0	75.4	0
2026-10-05T00:27:50	ltx-2.5-mlx-q8	fast	720p	3.0	74.6	0
2026-10-05T00:29:05	ltx-2.5-mlx-q8	fast	720p	3.0	74.3	0
2026-10-05T00:31:16	ltx-2.5-mlx-q8	fast	720p	5.0	130.6	0
2026-10-05T00:32:30	ltx-2.5-mlx-q8	fast	720p	3.0	73.6	0
2026-10-05T00:33:43	ltx-2.5-mlx-q8	fast	720p	3.0	73.3	0
2026-10-05T00:35:31	ltx-2.5-mlx-q8	fast	720p	4.0	107.8	0
2026-10-05T00:36:45	ltx-2.5-mlx-q8	fast	720p	3.0	73.5	0
2026-10-05T00:37:59	ltx-2.5-mlx-q8	fast	720p	3.0	73.6	0
2026-10-05T00:49:23	ltx-2.5-mlx-q8	fast	720p	3.0	75.3	0
2026-10-05T00:52:49	ltx-2.5-mlx-q8	fast	720p	7.0	205.5	0
2026-10-05T00:54:36	ltx-2.5-mlx-q8	fast	720p	4.0	107.2	0
2026-10-05T00:56:24	ltx-2.5-mlx-q8	fast	720p	4.0	107.9	0
