film,iteration,date,meter,dialogue_shots,in_sync_first_take,in_sync_final_cut,voice_early_at_end_ms,source
halloween-clowns-sf,-,2026-09-25,v2 (back-measured),8,,3,1440,rig/sync/CALIBRATION.md section 4; docs/data/sync-drift/README.md
halloween-clowns-sf-portrait,-,2026-09-26,v2 (back-measured),8,,3,1440,rig/sync/CALIBRATION.md section 4; docs/data/sync-drift/README.md
liminal-clowns,4,2026-09-27,v2 (back-measured),10,,9,1980,rig/sync/CALIBRATION.md section 4; docs/data/sync-drift/README.md
warm,5,2026-09-27,v2,13,10,13,2160,kpis-iteration-5-warm.md; kpis-iteration-6-clown-sighting.md; docs/data/sync-drift/README.md
clown-sighting,6,2026-10-03,v2,19,19,19,0,kpis-iteration-6-clown-sighting.md
thorns-and-static,7,2026-10-03,v3,5,5,5,0,kpis-iteration-7-thorns-and-static.md
garden-of-teeth,8,2026-10-04,v3,4,4,4,0,kpis-iteration-8-garden-of-teeth.md
the-last-car,shot lab phase C,2026-10-04,v3,8,8,8,,skills/film/references/dialogue-shots.md; the-last-car-sync-report.txt
iteration-9 film (not published),9,2026-10-04,v3,8,4,6,0,iteration-9 event log (not published): shots 3 7 9 10 passed first take; 5 and 17 on the third; 13 and 21 never (accepted as exceptions)
